Unity/Unreal Game Developer | link: https://in.indeed.com/company/Vama-Communications-Pvt.-Ltd./jobs/Developer-8ce8ed0d5d4fe9d3?fccid=5e5a91f173961fec&vjs=3 
Unity Game Developer Intern | link: https://in.indeed.com/company/dhanadhipati-technologies-llp/jobs/Developer-114cb59a7d66f36a?fccid=50572385b751f887&vjs=3 
Unity Game Developer | link: https://in.indeed.com/company/Volumetree/jobs/Developer-d3523c038f8eac20?fccid=ff6c76a1144db083&vjs=3 
Game developer | link: https://in.indeed.com/rc/clk?jk=14c6385ef50c85ae&fccid=9c1a12600d4f946a&vjs=3 
Game Developer | link: https://in.indeed.com/company/ASTRABITE-LLP/jobs/Developer-c47ad23c997c5ec3?fccid=4e7bbd82ab6a93d6&vjs=3 
HTML 5 Game Developer | link: https://in.indeed.com/rc/clk?jk=44120b04052b69fe&fccid=7ed25b692c6aff4d&vjs=3 
Unity Game Developer | link: https://in.indeed.com/company/QFONAPP-LIMITED/jobs/Developer-751dd6b921abeac1?fccid=5f945c336dd88e02&vjs=3 
Game Developer | link: https://in.indeed.com/company/Pixify-Technologies/jobs/Developer-26e14c7a4429f080?fccid=7256dd945327946e&vjs=3 
Unity Game Developer | link: https://in.indeed.com/rc/clk?jk=a32afcdf9e881f8c&fccid=a923f9ee4a550b04&vjs=3 
Unity Game Developer | link: https://in.indeed.com/company/OENGINES-GAMES-LLP/jobs/Developer-e6bb0551943f179e?fccid=c406b0b7d520231d&vjs=3 
Unity Game Developer | link: https://in.indeed.com/company/Escrow-Infotech/jobs/Developer-3c15e415da9adf94?fccid=3a319303f8ad28af&vjs=3 
Unity Game Developer | link: https://in.indeed.com/rc/clk?jk=5810416704d8b0fa&fccid=96ec736fa5b9d2e5&vjs=3 
Game Developer | link: https://in.indeed.com/company/tecrevolve-pvt-ltd/jobs/Developer-91b048b2bcc399d7?fccid=40a30634256eb5c9&vjs=3 
Unity Game Developer | link: https://in.indeed.com/company/AJobman/jobs/Developer-02b0655c943149fc?fccid=5807e9f70ac30d94&vjs=3 
Junior Game Developer | link: https://in.indeed.com/rc/clk?jk=f4368c399d3496e4&fccid=9d74b7d47afcb912&vjs=3 
